dataset_id;evaluation_model;fitness_name;alpha;cv_folds;algorithm;case_id;full_score;champion_score;score_avg;score_std;avg_improvement;avg_improvement_pct;full_features;avg_features_keep;champion_features;feature_reduction_pct;wall_avg_s;cpu_avg_s;nfe_avg
17;knn;error;0.5;5;AMDE;42;92.10526315789474;95.61;94.3;1.67;2.1947368421052573;2.3828571428571363;30;15.1;13;49.66666666666667;190.514;177.775;10050.0
17;knn;error;0.5;5;BDE;12;92.10526315789474;95.61;94.39;1.71;2.2847368421052607;2.4805714285714258;30;16.0;18;46.666666666666664;198.852;183.261;10050.0
17;knn;error;0.5;5;NBPSO;60;92.10526315789474;94.74;94.56;1.23;2.4547368421052624;2.665142857142856;30;15.0;21;50.0;254.719;181.061;10100.0
17;knn;error;0.5;5;NBPSO_LDIW;64;92.10526315789474;94.74;94.74;0.72;2.634736842105255;2.86057142857142;30;14.1;12;53.0;236.02;185.941;10100.0
17;knn;error;0.5;5;SA;50;92.10526315789474;92.11;92.63;1.76;0.5247368421052556;0.5697142857142775;30;13.0;12;56.666666666666664;293.822;186.588;10000.0
17;svm;error;0.5;5;AMDE;42;97.36842105263158;98.25;97.28;0.87;-0.08842105263157407;-0.0908108108108058;30;17.6;19;41.333333333333336;324.699;299.981;10050.0
17;svm;error;0.5;5;BDE;12;97.36842105263158;96.49;97.19;0.81;-0.17842105263157748;-0.18324324324324173;30;14.2;14;52.666666666666664;309.56;286.227;10050.0
17;svm;error;0.5;5;NBPSO;60;97.36842105263158;98.25;96.67;1.0;-0.6984210526315735;-0.7172972972972917;30;15.7;15;47.66666666666667;396.971;279.034;10100.0
17;svm;error;0.5;5;NBPSO_LDIW;64;97.36842105263158;96.49;96.14;1.25;-1.2284210526315746;-1.2616216216216172;30;16.3;16;45.666666666666664;353.92;282.573;10100.0
17;svm;error;0.5;5;SA;50;97.36842105263158;96.49;96.75;0.83;-0.6184210526315752;-0.6351351351351313;30;15.6;15;48.0;465.292;293.3;10000.0
52;knn;error;0.5;5;AMDE;42;84.50704225352112;90.14;92.11;2.01;7.602957746478879;8.99683333333334;34;4.8;5;85.88235294117648;181.283;170.137;10050.0
52;knn;error;0.5;5;BDE;12;84.50704225352112;88.73;89.58;2.91;5.0729577464788775;6.003000000000005;34;11.3;10;66.76470588235294;186.748;171.547;10050.0
52;knn;error;0.5;5;NBPSO;60;84.50704225352112;85.92;90.7;3.33;6.192957746478882;7.328333333333345;34;8.7;11;74.41176470588235;235.938;166.611;10100.0
52;knn;error;0.5;5;NBPSO_LDIW;64;84.50704225352112;94.37;90.0;3.54;5.492957746478879;6.500000000000008;34;9.5;6;72.05882352941177;229.005;172.881;10100.0
52;knn;error;0.5;5;SA;50;84.50704225352112;90.14;89.44;2.51;4.932957746478877;5.837333333333338;34;8.9;7;73.82352941176471;177.984;168.839;10000.0
52;svm;error;0.5;5;AMDE;42;95.77464788732394;97.18;95.92;1.55;0.14535211267606485;0.15176470588236185;34;13.4;11;60.58823529411765;281.206;263.956;10050.0
52;svm;error;0.5;5;BDE;12;95.77464788732394;97.18;96.2;1.88;0.425352112676066;0.4441176470588336;34;17.7;19;47.941176470588246;282.83;261.439;10050.0
52;svm;error;0.5;5;NBPSO;60;95.77464788732394;95.77;96.2;1.34;0.425352112676066;0.4441176470588336;34;16.4;18;51.76470588235295;371.479;255.386;10100.0
52;svm;error;0.5;5;NBPSO_LDIW;64;95.77464788732394;95.77;95.92;1.04;0.14535211267606485;0.15176470588236185;34;16.6;18;51.17647058823529;351.125;257.819;10100.0
52;svm;error;0.5;5;SA;50;95.77464788732394;94.37;94.23;1.93;-1.5446478873239329;-1.6127941176470477;34;16.1;14;52.647058823529406;269.685;255.736;10000.0
151;knn;error;0.5;5;AMDE;42;73.80952380952381;78.57;79.05;4.74;5.240476190476187;7.099999999999995;60;33.7;39;43.83333333333332;187.663;175.478;10050.0
151;knn;error;0.5;5;BDE;12;73.80952380952381;80.95;80.0;4.79;6.19047619047619;8.387096774193548;60;27.2;31;54.666666666666664;194.033;178.286;10050.0
151;knn;error;0.5;5;NBPSO;60;73.80952380952381;78.57;79.29;4.21;5.480476190476196;7.425161290322588;60;27.9;26;53.5;194.816;164.864;10100.0
151;knn;error;0.5;5;NBPSO_LDIW;64;73.80952380952381;78.57;77.62;6.75;3.8104761904761943;5.162580645161295;60;27.9;23;53.5;209.441;172.238;10100.0
151;knn;error;0.5;5;SA;50;73.80952380952381;80.95;81.9;5.85;8.090476190476195;10.961290322580652;60;26.9;26;55.16666666666667;181.831;173.239;10000.0
151;svm;error;0.5;5;AMDE;42;85.71428571428571;95.24;84.29;5.75;-1.424285714285702;-1.6616666666666524;60;24.1;20;59.833333333333336;292.914;270.848;10050.0
151;svm;error;0.5;5;BDE;12;85.71428571428571;85.71;85.24;2.7;-0.4742857142857133;-0.5533333333333322;60;29.2;29;51.33333333333334;294.514;270.222;10050.0
151;svm;error;0.5;5;NBPSO;60;85.71428571428571;92.86;86.9;2.81;1.1857142857142975;1.383333333333347;60;26.2;24;56.333333333333336;334.173;256.02;10100.0
151;svm;error;0.5;5;NBPSO_LDIW;64;85.71428571428571;76.19;85.24;4.46;-0.4742857142857133;-0.5533333333333322;60;27.9;26;53.5;329.062;262.756;10100.0
151;svm;error;0.5;5;SA;50;85.71428571428571;78.57;83.33;5.14;-2.38428571428571;-2.781666666666662;60;24.3;28;59.5;274.734;261.694;10000.0
174;knn;error;0.5;5;AMDE;42;82.05128205128204;82.05;85.13;2.65;3.0787179487179515;3.752187500000004;22;9.6;9;56.363636363636374;162.052;151.552;10050.0
174;knn;error;0.5;5;BDE;12;82.05128205128204;87.18;86.15;2.16;4.098717948717962;4.995312500000016;22;10.8;12;50.90909090909091;169.446;156.686;10050.0
174;knn;error;0.5;5;NBPSO;60;82.05128205128204;87.18;85.38;2.97;3.3287179487179515;4.056875000000003;22;11.3;12;48.63636363636363;240.589;153.583;10100.0
174;knn;error;0.5;5;NBPSO_LDIW;64;82.05128205128204;82.05;84.87;3.07;2.8187179487179606;3.435312500000015;22;10.3;8;53.18181818181817;183.046;150.216;10100.0
174;knn;error;0.5;5;SA;50;82.05128205128204;76.92;84.87;3.72;2.8187179487179606;3.435312500000015;22;9.7;9;55.90909090909091;219.134;160.842;10000.0
174;svm;error;0.5;5;AMDE;42;92.3076923076923;92.31;91.54;3.64;-0.7676923076923003;-0.8316666666666587;22;5.4;3;75.45454545454545;225.661;210.578;10050.0
174;svm;error;0.5;5;BDE;12;92.3076923076923;94.87;93.59;1.81;1.2823076923076968;1.3891666666666715;22;10.9;12;50.45454545454545;226.248;209.594;10050.0
174;svm;error;0.5;5;NBPSO;60;92.3076923076923;92.31;94.1;1.73;1.7923076923076877;1.9416666666666618;22;9.4;4;57.27272727272727;295.847;203.881;10100.0
174;svm;error;0.5;5;NBPSO_LDIW;64;92.3076923076923;92.31;93.08;3.21;0.7723076923076917;0.836666666666666;22;9.2;4;58.18181818181818;242.076;202.461;10100.0
174;svm;error;0.5;5;SA;50;92.3076923076923;79.49;88.72;4.55;-3.5876923076923077;-3.8866666666666667;22;9.5;14;56.81818181818181;298.323;216.336;10000.0
