Case_ID;Dataset_ID;Initial_Temp;Cooling_Rate;Total_Evals;Expected_Final_Temp;Final_Temp;Evaluator;Fitness;Alpha;CV_Folds;SA_Best;SA_Worst;SA_Avg;SA_Std;SA_Wall_Time_Avg(s);SA_CPU_Time_Avg(s);SA_NFE_Avg;Champion_Score;Champion_Features;Nb_Features_Keep
43;174;0.001;0.999;10000;5e-08;5e-08;svm;error;0.5;5;94.9;79.5;88.46;5.44;250.68;206.92;10000.0;79.49;11;9.1
43;174;0.001;0.999;10000;5e-08;5e-08;knn;error;0.5;5;87.2;76.9;84.1;3.59;193.677;158.156;10000.0;87.18;11;9.5
44;174;0.001;0.9995;10000;6.73e-06;6.73e-06;svm;error;0.5;5;94.9;79.5;88.46;5.44;257.518;208.772;10000.0;79.49;11;9.1
44;174;0.001;0.9995;10000;6.73e-06;6.73e-06;knn;error;0.5;5;87.2;76.9;84.1;3.59;192.942;158.822;10000.0;87.18;11;9.5
45;174;0.001;0.9999;10000;0.0003679;0.0003679;svm;error;0.5;5;94.9;79.5;88.72;5.3;251.788;208.637;10000.0;79.49;11;8.8
45;174;0.001;0.9999;10000;0.0003679;0.0003679;knn;error;0.5;5;87.2;76.9;83.33;3.68;190.36;158.219;10000.0;87.18;11;9.5
46;174;0.01;0.999;10000;4.5e-07;4.5e-07;svm;error;0.5;5;92.3;79.5;88.46;4.4;250.124;210.316;10000.0;82.05;10;9.0
46;174;0.01;0.999;10000;4.5e-07;4.5e-07;knn;error;0.5;5;87.2;76.9;84.62;3.63;187.052;158.084;10000.0;84.62;11;9.8
47;174;0.01;0.9995;10000;6.733e-05;6.733e-05;svm;error;0.5;5;94.9;79.5;88.46;5.3;249.486;209.002;10000.0;79.49;12;9.1
47;174;0.01;0.9995;10000;6.733e-05;6.733e-05;knn;error;0.5;5;87.2;76.9;84.62;3.63;188.26;157.991;10000.0;84.62;11;10.1
48;174;0.01;0.9999;10000;0.00367898;0.00367898;svm;error;0.5;5;94.9;79.5;88.46;6.07;253.222;212.552;10000.0;79.49;12;8.1
48;174;0.01;0.9999;10000;0.00367898;0.00367898;knn;error;0.5;5;87.2;76.9;84.1;3.59;191.147;158.645;10000.0;76.92;6;9.9
49;174;0.1;0.999;10000;4.52e-06;4.52e-06;svm;error;0.5;5;94.9;82.1;88.97;4.53;258.259;211.261;10000.0;82.05;8;8.3
49;174;0.1;0.999;10000;4.52e-06;4.52e-06;knn;error;0.5;5;87.2;76.9;84.36;3.72;193.915;159.491;10000.0;76.92;7;8.6
50;174;0.1;0.9995;10000;0.00067329;0.00067329;svm;error;0.5;5;94.9;79.5;88.72;4.55;298.323;216.336;10000.0;79.49;14;9.5
50;174;0.1;0.9995;10000;0.00067329;0.00067329;knn;error;0.5;5;87.2;76.9;84.87;3.72;219.134;160.842;10000.0;76.92;9;9.7
51;174;0.1;0.9999;10000;0.03678978;0.03678978;svm;error;0.5;5;92.3;79.5;87.44;5.19;260.118;213.119;10000.0;79.49;14;9.5
51;174;0.1;0.9999;10000;0.03678978;0.03678978;knn;error;0.5;5;87.2;76.9;84.87;3.72;208.874;158.202;10000.0;76.92;7;9.5
52;174;1;0.999;10000;4.522e-05;4.522e-05;svm;error;0.5;5;94.9;79.5;87.69;5.51;275.535;208.733;10000.0;79.49;13;8.5
52;174;1;0.999;10000;4.522e-05;4.522e-05;knn;error;0.5;5;87.2;76.9;84.62;3.63;214.067;158.436;10000.0;76.92;11;9.6
53;174;1;0.9995;10000;0.00673289;0.00673289;svm;error;0.5;5;92.3;79.5;87.69;4.49;274.835;213.631;10000.0;79.49;13;9.5
53;174;1;0.9995;10000;0.00673289;0.00673289;knn;error;0.5;5;87.2;76.9;85.38;3.21;194.12;160.819;10000.0;76.92;9;8.7
54;174;1;0.9999;10000;0.36789784;0.36789784;svm;error;0.5;5;92.3;79.5;88.46;3.87;259.486;214.556;10000.0;79.49;13;10.5
54;174;1;0.9999;10000;0.36789784;0.36789784;knn;error;0.5;5;87.2;76.9;85.38;3.21;190.404;160.32;10000.0;76.92;10;9.6
43;17;0.001;0.999;10000;5e-08;5e-08;svm;error;0.5;5;98.2;94.7;96.84;1.11;344.245;290.52;10000.0;95.61;21;17.0
43;17;0.001;0.999;10000;5e-08;5e-08;knn;error;0.5;5;95.6;86.8;92.11;2.45;237.661;189.977;10000.0;92.98;10;15.4
44;17;0.001;0.9995;10000;6.73e-06;6.73e-06;svm;error;0.5;5;97.4;94.7;96.49;1.01;379.625;294.386;10000.0;96.49;18;15.2
44;17;0.001;0.9995;10000;6.73e-06;6.73e-06;knn;error;0.5;5;95.6;86.8;92.11;2.45;255.837;190.547;10000.0;92.98;10;15.4
45;17;0.001;0.9999;10000;0.0003679;0.0003679;svm;error;0.5;5;98.2;93.9;96.49;1.55;387.6;293.998;10000.0;96.49;17;13.7
45;17;0.001;0.9999;10000;0.0003679;0.0003679;knn;error;0.5;5;95.6;86.8;92.46;2.59;252.8;188.833;10000.0;92.98;10;14.5
46;17;0.01;0.999;10000;4.5e-07;4.5e-07;svm;error;0.5;5;98.2;93.9;96.67;1.23;376.54;291.739;10000.0;95.61;16;14.9
46;17;0.01;0.999;10000;4.5e-07;4.5e-07;knn;error;0.5;5;94.7;90.4;92.63;1.61;248.7;189.262;10000.0;92.11;15;13.5
47;17;0.01;0.9995;10000;6.733e-05;6.733e-05;svm;error;0.5;5;99.1;94.7;96.84;1.38;409.066;293.647;10000.0;96.49;18;16.2
47;17;0.01;0.9995;10000;6.733e-05;6.733e-05;knn;error;0.5;5;94.7;91.2;92.72;1.44;236.091;188.559;10000.0;92.11;15;14.3
48;17;0.01;0.9999;10000;0.00367898;0.00367898;svm;error;0.5;5;97.4;94.7;96.32;0.91;366.336;296.55;10000.0;95.61;19;15.0
48;17;0.01;0.9999;10000;0.00367898;0.00367898;knn;error;0.5;5;94.7;91.2;92.63;1.32;236.441;189.247;10000.0;92.11;15;14.0
49;17;0.1;0.999;10000;4.52e-06;4.52e-06;svm;error;0.5;5;99.1;96.5;97.37;0.83;401.907;298.931;10000.0;96.49;17;16.6
49;17;0.1;0.999;10000;4.52e-06;4.52e-06;knn;error;0.5;5;95.6;90.4;92.63;1.76;295.136;192.019;10000.0;92.11;14;14.5
50;17;0.1;0.9995;10000;0.00067329;0.00067329;svm;error;0.5;5;98.2;95.6;96.75;0.83;465.292;293.3;10000.0;96.49;15;15.6
50;17;0.1;0.9995;10000;0.00067329;0.00067329;knn;error;0.5;5;95.6;90.4;92.63;1.76;293.822;186.588;10000.0;92.11;12;13.0
51;17;0.1;0.9999;10000;0.03678978;0.03678978;svm;error;0.5;5;98.2;94.7;96.93;1.26;480.84;292.592;10000.0;96.49;16;15.5
51;17;0.1;0.9999;10000;0.03678978;0.03678978;knn;error;0.5;5;95.6;90.4;92.72;1.76;215.901;188.436;10000.0;92.98;16;14.2
52;17;1;0.999;10000;4.522e-05;4.522e-05;svm;error;0.5;5;98.2;94.7;96.58;1.2;329.849;282.695;10000.0;95.61;16;15.3
52;17;1;0.999;10000;4.522e-05;4.522e-05;knn;error;0.5;5;94.7;90.4;92.72;1.71;205.437;180.692;10000.0;92.98;15;14.8
53;17;1;0.9995;10000;0.00673289;0.00673289;svm;error;0.5;5;98.2;93.9;96.58;1.27;307.867;283.769;10000.0;93.86;17;15.2
53;17;1;0.9995;10000;0.00673289;0.00673289;knn;error;0.5;5;94.7;90.4;92.72;1.71;194.736;180.048;10000.0;92.98;15;14.3
54;17;1;0.9999;10000;0.36789784;0.36789784;svm;error;0.5;5;98.2;93.0;95.88;1.6;299.394;281.352;10000.0;94.74;13;14.7
54;17;1;0.9999;10000;0.36789784;0.36789784;knn;error;0.5;5;94.7;90.4;92.89;1.63;186.484;177.173;10000.0;92.98;16;13.7
43;52;0.001;0.999;10000;5e-08;5e-08;svm;error;0.5;5;97.2;90.1;93.66;2.68;259.864;246.872;10000.0;91.55;15;14.3
43;52;0.001;0.999;10000;5e-08;5e-08;knn;error;0.5;5;95.8;78.9;86.62;4.66;176.867;167.417;10000.0;87.32;7;15.2
44;52;0.001;0.9995;10000;6.73e-06;6.73e-06;svm;error;0.5;5;98.6;90.1;94.37;2.97;274.214;254.633;10000.0;91.55;13;14.6
44;52;0.001;0.9995;10000;6.73e-06;6.73e-06;knn;error;0.5;5;95.8;78.9;86.06;4.9;188.961;174.334;10000.0;81.69;8;15.1
45;52;0.001;0.9999;10000;0.0003679;0.0003679;svm;error;0.5;5;95.8;90.1;93.8;1.9;276.678;258.055;10000.0;90.14;15;15.0
45;52;0.001;0.9999;10000;0.0003679;0.0003679;knn;error;0.5;5;95.8;78.9;86.34;4.74;193.718;175.178;10000.0;85.92;7;13.3
46;52;0.01;0.999;10000;4.5e-07;4.5e-07;svm;error;0.5;5;98.6;88.7;94.93;3.2;310.628;252.767;10000.0;92.96;15;14.1
46;52;0.01;0.999;10000;4.5e-07;4.5e-07;knn;error;0.5;5;94.4;83.1;89.01;3.56;211.963;166.644;10000.0;83.1;8;9.4
47;52;0.01;0.9995;10000;6.733e-05;6.733e-05;svm;error;0.5;5;97.2;88.7;94.08;2.95;307.967;251.805;10000.0;91.55;15;14.8
47;52;0.01;0.9995;10000;6.733e-05;6.733e-05;knn;error;0.5;5;94.4;80.3;88.73;4.2;202.994;166.72;10000.0;94.37;6;8.9
48;52;0.01;0.9999;10000;0.00367898;0.00367898;svm;error;0.5;5;98.6;91.5;94.65;2.55;306.879;255.322;10000.0;91.55;19;15.1
48;52;0.01;0.9999;10000;0.00367898;0.00367898;knn;error;0.5;5;94.4;85.9;89.44;2.84;185.61;169.148;10000.0;85.92;7;9.2
49;52;0.1;0.999;10000;4.52e-06;4.52e-06;svm;error;0.5;5;97.2;88.7;94.08;3.31;266.041;252.928;10000.0;88.73;15;15.2
49;52;0.1;0.999;10000;4.52e-06;4.52e-06;knn;error;0.5;5;91.5;85.9;89.01;1.85;177.692;168.719;10000.0;87.32;13;9.2
50;52;0.1;0.9995;10000;0.00067329;0.00067329;svm;error;0.5;5;97.2;90.1;94.23;1.93;269.685;255.736;10000.0;94.37;14;16.1
50;52;0.1;0.9995;10000;0.00067329;0.00067329;knn;error;0.5;5;94.4;85.9;89.44;2.51;177.984;168.839;10000.0;90.14;7;8.9
51;52;0.1;0.9999;10000;0.03678978;0.03678978;svm;error;0.5;5;100.0;90.1;95.07;3.2;269.683;256.328;10000.0;92.96;11;16.9
51;52;0.1;0.9999;10000;0.03678978;0.03678978;knn;error;0.5;5;90.1;83.1;86.62;2.76;175.987;167.616;10000.0;90.14;16;13.5
52;52;1;0.999;10000;4.522e-05;4.522e-05;svm;error;0.5;5;98.6;90.1;94.93;2.5;267.133;254.798;10000.0;94.37;19;16.6
52;52;1;0.999;10000;4.522e-05;4.522e-05;knn;error;0.5;5;91.5;80.3;88.73;3.51;176.225;168.161;10000.0;91.55;7;9.6
53;52;1;0.9995;10000;0.00673289;0.00673289;svm;error;0.5;5;97.2;90.1;94.65;3.31;267.408;255.3;10000.0;90.14;17;16.0
53;52;1;0.9995;10000;0.00673289;0.00673289;knn;error;0.5;5;93.0;84.5;88.73;2.2;176.076;168.055;10000.0;87.32;12;11.1
54;52;1;0.9999;10000;0.36789784;0.36789784;svm;error;0.5;5;98.6;90.1;94.51;3.08;270.424;256.645;10000.0;90.14;17;16.9
54;52;1;0.9999;10000;0.36789784;0.36789784;knn;error;0.5;5;91.5;81.7;86.34;3.82;176.382;167.559;10000.0;83.1;11;13.3
43;151;0.001;0.999;10000;5e-08;5e-08;svm;error;0.5;5;88.1;76.2;81.43;3.86;273.492;259.472;10000.0;80.95;28;28.3
43;151;0.001;0.999;10000;5e-08;5e-08;knn;error;0.5;5;85.7;71.4;79.29;5.39;184.399;174.772;10000.0;71.43;29;31.0
44;151;0.001;0.9995;10000;6.73e-06;6.73e-06;svm;error;0.5;5;88.1;76.2;81.43;3.86;271.753;257.703;10000.0;80.95;28;27.5
44;151;0.001;0.9995;10000;6.73e-06;6.73e-06;knn;error;0.5;5;85.7;71.4;79.29;5.39;183.859;174.678;10000.0;71.43;29;30.8
45;151;0.001;0.9999;10000;0.0003679;0.0003679;svm;error;0.5;5;88.1;76.2;82.38;3.4;271.433;258.453;10000.0;80.95;28;28.3
45;151;0.001;0.9999;10000;0.0003679;0.0003679;knn;error;0.5;5;88.1;71.4;80.24;6.05;182.791;174.261;10000.0;71.43;29;30.6
46;151;0.01;0.999;10000;4.5e-07;4.5e-07;svm;error;0.5;5;92.9;76.2;84.29;5.85;271.249;258.178;10000.0;78.57;24;27.5
46;151;0.01;0.999;10000;4.5e-07;4.5e-07;knn;error;0.5;5;88.1;69.0;83.1;6.19;178.352;169.722;10000.0;85.71;27;27.0
47;151;0.01;0.9995;10000;6.733e-05;6.733e-05;svm;error;0.5;5;88.1;73.8;81.43;4.46;271.601;258.755;10000.0;78.57;27;26.2
47;151;0.01;0.9995;10000;6.733e-05;6.733e-05;knn;error;0.5;5;95.2;71.4;80.71;6.78;178.989;170.8;10000.0;80.95;29;28.3
48;151;0.01;0.9999;10000;0.00367898;0.00367898;svm;error;0.5;5;92.9;78.6;84.52;4.09;276.769;263.736;10000.0;83.33;32;27.6
48;151;0.01;0.9999;10000;0.00367898;0.00367898;knn;error;0.5;5;88.1;73.8;79.52;4.38;180.463;171.881;10000.0;83.33;27;27.1
49;151;0.1;0.999;10000;4.52e-06;4.52e-06;svm;error;0.5;5;92.9;69.0;81.43;6.53;273.746;260.556;10000.0;80.95;24;27.5
49;151;0.1;0.999;10000;4.52e-06;4.52e-06;knn;error;0.5;5;92.9;76.2;81.43;5.59;179.899;171.32;10000.0;85.71;23;26.2
50;151;0.1;0.9995;10000;0.00067329;0.00067329;svm;error;0.5;5;90.5;73.8;83.33;5.14;274.734;261.694;10000.0;78.57;28;24.3
50;151;0.1;0.9995;10000;0.00067329;0.00067329;knn;error;0.5;5;90.5;71.4;81.9;5.85;181.831;173.239;10000.0;80.95;26;26.9
51;151;0.1;0.9999;10000;0.03678978;0.03678978;svm;error;0.5;5;92.9;73.8;81.9;5.96;278.47;265.736;10000.0;73.81;30;28.5
51;151;0.1;0.9999;10000;0.03678978;0.03678978;knn;error;0.5;5;92.9;78.6;83.57;4.69;183.744;174.897;10000.0;80.95;28;29.1
52;151;1;0.999;10000;4.522e-05;4.522e-05;svm;error;0.5;5;92.9;76.2;83.57;4.95;274.213;261.195;10000.0;88.1;25;26.9
52;151;1;0.999;10000;4.522e-05;4.522e-05;knn;error;0.5;5;90.5;78.6;81.43;4.46;182.517;173.556;10000.0;88.1;30;27.5
53;151;1;0.9995;10000;0.00673289;0.00673289;svm;error;0.5;5;88.1;73.8;82.62;3.9;277.809;264.837;10000.0;83.33;37;29.5
53;151;1;0.9995;10000;0.00673289;0.00673289;knn;error;0.5;5;88.1;73.8;81.43;5.59;183.549;174.805;10000.0;88.1;29;27.0
54;151;1;0.9999;10000;0.36789784;0.36789784;svm;error;0.5;5;92.9;73.8;82.86;5.48;278.181;264.986;10000.0;83.33;28;26.6
54;151;1;0.9999;10000;0.36789784;0.36789784;knn;error;0.5;5;85.7;69.0;80.48;4.87;170.722;162.113;10000.0;83.33;23;27.1
